,Date,Instagram_Minutes,YouTube_Minutes,WhatsApp_Minutes,LinkedIn_Minutes,Reels_Watched,Videos_Watched,Messages_Sent,Posts_Liked,Study_Minutes,Total_Screen_Time,Screen_hours,Digital_Balance,Day_Type
0,2026-08-23,230,208,53,6,170,89,98,103,23,497,8.283333333333333,0.04627766599597585,Heavy
7,2026-08-30,219,280,16,29,147,112,50,94,150,544,9.066666666666666,0.2757352941176471,Heavy
19,2026-09-11,177,96,30,68,116,33,45,74,170,371,6.183333333333334,0.4582210242587601,Heavy
21,2026-09-13,167,204,52,30,110,83,117,26,65,453,7.55,0.1434878587196468,Heavy
20,2026-09-12,163,198,55,20,187,71,128,111,120,436,7.266666666666667,0.27522935779816515,Heavy
17,2026-09-09,159,171,43,45,116,54,139,45,83,418,6.966666666666667,0.19856459330143542,Heavy
6,2026-08-29,155,127,24,11,206,40,55,92,12,317,5.283333333333333,0.03785488958990536,Heavy
9,2026-09-01,151,59,155,50,164,14,264,92,51,415,6.916666666666667,0.12289156626506025,Heavy
14,2026-09-06,143,270,115,29,171,56,325,54,31,557,9.283333333333333,0.05565529622980251,Heavy
3,2026-08-26,142,83,96,51,99,16,291,48,331,372,6.2,0.8897849462365591,Heavy
1,2026-08-24,139,28,24,4,135,9,48,70,191,195,3.25,0.9794871794871794,Normal
10,2026-09-02,130,171,118,43,178,31,383,110,216,462,7.7,0.4675324675324675,Heavy
23,2026-09-15,116,60,28,74,160,23,76,93,141,278,4.633333333333334,0.5071942446043165,Normal
26,2026-09-18,114,48,28,74,154,21,79,84,196,264,4.4,0.7424242424242424,Normal
29,2026-09-21,108,35,14,38,113,15,31,44,342,195,3.25,1.7538461538461538,Normal
11,2026-09-03,102,144,50,13,99,61,119,37,177,309,5.15,0.5728155339805825,Heavy
22,2026-09-14,101,171,52,51,63,27,90,28,241,375,6.25,0.6426666666666667,Heavy
2,2026-08-25,99,59,160,43,119,17,271,69,330,361,6.016666666666667,0.9141274238227147,Heavy
13,2026-09-05,92,69,78,10,81,14,225,28,170,249,4.15,0.6827309236947792,Normal
15,2026-09-07,91,78,89,73,82,23,224,25,145,331,5.516666666666667,0.4380664652567976,Heavy
27,2026-09-19,90,73,35,1,68,23,74,25,77,199,3.316666666666667,0.3869346733668342,Normal
25,2026-09-17,84,127,86,54,89,30,152,25,313,351,5.85,0.8917378917378918,Heavy
28,2026-09-20,75,298,61,8,78,48,198,21,96,442,7.366666666666666,0.2171945701357466,Heavy
8,2026-08-31,53,181,163,34,42,59,456,19,93,431,7.183333333333334,0.21577726218097448,Heavy
16,2026-09-08,52,21,114,69,55,5,199,21,153,256,4.266666666666667,0.59765625,Normal
4,2026-08-27,51,45,68,55,35,8,164,7,104,219,3.65,0.4748858447488584,Normal
5,2026-08-28,33,165,145,36,38,29,371,8,125,379,6.316666666666666,0.32981530343007914,Heavy
12,2026-09-04,32,99,69,74,25,35,132,8,252,274,4.566666666666666,0.9197080291970803,Normal
18,2026-09-10,29,55,137,70,24,23,434,8,213,291,4.85,0.7319587628865979,Normal
24,2026-09-16,22,71,124,13,24,19,211,6,348,230,3.8333333333333335,1.5130434782608695,Normal
