student_id,branch,python_Score,SQL_Score,Aptitude_Score,Communication_Score,Project_completed,Mock_Interviwes_Attended
0,IT,94,46,99,80,8,8
1,IT,93,65,24,32,8,5
2,IT,98,29,64,17,1,0
3,MECH,31,12,28,77,2,0
4,CSE,73,58,32,31,1,4
5,MECH,89,12,89,34,5,1
6,MECH,35,35,90,65,6,5
7,MECH,36,80,17,73,0,8
8,CSE,94,98,76,77,6,3
9,IT,69,39,64,96,11,6
10,CSE,69,46,34,27,0,5
11,IT,14,81,89,25,4,6
12,MECH,31,90,91,85,8,7
13,IT,31,73,13,98,11,5
14,MECH,68,56,25,94,8,6
15,ECE,91,66,40,96,2,8
16,IT,65,64,51,86,9,4
17,MECH,31,83,15,69,3,5
18,CSE,13,87,51,26,0,8
19,CSE,43,22,99,35,9,3
20,CSE,11,80,97,32,4,3
21,ECE,92,61,35,83,9,2
22,ECE,67,66,52,40,9,4
23,MECH,82,54,93,34,10,1
24,CSE,69,95,65,89,10,4
25,ECE,79,24,94,22,5,6
26,IT,90,92,14,32,8,1
27,ECE,69,78,35,22,9,10
28,MECH,66,77,88,14,5,4
29,CSE,25,94,99,92,5,5
30,MECH,60,75,70,49,11,4
31,IT,85,62,83,50,5,1
32,CSE,71,76,17,19,4,3
33,MECH,50,34,16,17,11,8
34,MECH,76,71,91,12,7,7
35,ECE,70,72,65,20,5,11
36,MECH,37,92,78,36,6,3
37,ECE,51,71,46,60,5,1
38,ECE,23,21,12,55,1,6
39,MECH,17,78,66,19,4,3
40,ECE,28,47,46,41,5,4
41,IT,67,44,36,74,9,5
42,CSE,36,30,22,65,1,1
43,ECE,93,43,49,18,1,11
44,MECH,55,72,59,78,11,6
45,IT,60,41,14,10,4,7
46,MECH,47,72,35,45,8,1
47,IT,13,39,71,87,1,11
48,MECH,19,35,49,37,8,5
49,MECH,63,21,70,93,0,10
50,IT,56,56,45,58,1,6
51,ECE,26,64,48,85,10,9
52,MECH,78,45,76,41,8,6
53,ECE,44,38,39,88,9,10
54,MECH,27,96,32,66,1,0
55,MECH,80,57,76,19,10,6
56,MECH,59,33,60,22,11,6
57,CSE,47,72,23,96,4,4
58,MECH,18,83,55,80,9,0
59,IT,84,80,22,70,6,9
60,IT,54,14,67,39,5,10
61,CSE,50,10,72,64,11,9
62,MECH,27,85,86,43,8,8
63,ECE,62,100,10,27,4,10
64,ECE,88,47,40,54,1,11
65,IT,57,67,84,24,0,11
66,ECE,71,93,89,82,0,2
67,CSE,26,54,35,52,4,3
68,MECH,15,36,10,73,1,3
69,MECH,44,76,57,75,3,11
70,MECH,84,75,11,94,0,7
71,IT,99,43,84,76,4,2
72,CSE,61,50,86,47,4,10
73,ECE,96,52,40,49,2,0
74,ECE,68,72,11,22,3,8
75,MECH,73,54,48,66,9,11
76,CSE,36,97,50,29,4,8
77,CSE,61,99,47,77,4,7
78,CSE,77,77,16,58,3,1
79,ECE,60,87,93,60,11,2
80,IT,91,14,15,42,10,6
81,CSE,13,64,67,46,10,1
82,MECH,88,32,75,70,4,7
83,IT,98,53,86,47,7,4
84,ECE,60,25,32,27,11,0
85,ECE,79,77,89,73,6,0
86,CSE,33,100,76,32,5,1
87,ECE,28,51,90,36,7,11
88,CSE,91,33,41,83,3,7
89,IT,38,16,69,91,1,1
90,IT,36,19,47,10,1,4
91,ECE,23,38,12,30,5,5
92,CSE,71,59,65,31,0,3
93,IT,71,59,75,31,10,9
94,ECE,82,79,89,67,4,7
95,IT,97,13,68,49,7,5
96,ECE,69,20,35,23,7,11
97,ECE,92,74,18,25,3,3
98,MECH,68,16,29,39,3,0
99,ECE,77,48,63,99,1,0
