insta_min,study_min,youtube_min,watch_time,youtube_shorts_time
562,344,769,349,766
886,158,293,259,989
581,64,766,884,774
952,820,281,825,376
735,942,600,100,769
374,9,979,99,12
740,508,384,350,26
692,509,53,333,241
81,161,349,76,579
490,867,370,165,302
591,79,691,559,134
749,843,452,508,835
331,405,634,271,37
795,610,789,516,468
569,775,47,851,847
118,687,345,101,486
76,387,416,453,203
397,698,8,598,933
740,225,253,833,594
178,19,982,97,82
120,972,717,132,25
717,915,498,12,632
688,478,516,170,769
852,771,545,453,560
758,406,831,400,714
846,535,754,553,283
518,174,352,297,496
509,922,699,796,353
560,88,614,360,863
750,471,704,390,818
4,463,906,471,668
106,240,714,847,830
382,689,900,979,166
467,109,250,735,844
313,124,256,423,62
